{"cameraMode":{"drawMode":0,"name":"Shaded","section":"Shading Mode"},"sceneLighting":true,"audioPlay":false,"sceneViewState":{"showFog":true,"showMaterialUpdate":false,"showSkybox":true,"showFlares":true,"showImageEffects":true,"showParticleSystems":true},"in2DMode":false,"pivot":{"x":-10.410743713378907,"y":18.651737213134767,"z":71.5455322265625},"rotation":{"x":0.25758257508277895,"y":0.05793173983693123,"z":-0.015476608648896218,"w":0.9643939137458801},"size":328.0179138183594,"orthographic":false}