{"cameraMode":{"drawMode":0,"name":"Shaded","section":"Shading Mode"},"sceneLighting":false,"audioPlay":false,"sceneViewState":{"showFog":true,"showMaterialUpdate":false,"showSkybox":true,"showFlares":true,"showImageEffects":true,"showParticleSystems":true},"in2DMode":false,"pivot":{"x":1.0268974304199219,"y":12.010986328125,"z":-1.7365493774414063},"rotation":{"x":0.15265560150146485,"y":-0.625045120716095,"z":0.12637746334075929,"w":0.7550123929977417},"size":117.16400146484375,"orthographic":false}